Occasion,Household,Week,Loyalty,Price,Feature,Display,Tide,Wisk,Era,Choice,Brand
1,9,11,0.0,4.67,0,0,1,0,0,1,1
1,9,11,0.62,4.98,0,0,0,1,0,0,2
1,9,11,0.31,5.38,0,0,0,0,1,0,3
1,9,11,0.0,4.98,0,0,0,0,0,0,4
2,9,29,0.0,4.67,0,0,1,0,0,0,1
2,9,29,0.62,4.67,1,0,0,1,0,1,2
2,9,29,0.31,6.55,0,0,0,0,1,0,3
2,9,29,0.0,4.98,0,0,0,0,0,0,4
3,9,31,0.0,4.67,0,0,1,0,0,0,1
3,9,31,0.62,4.98,0,0,0,1,0,1,2
3,9,31,0.31,6.55,0,0,0,0,1,0,3
3,9,31,0.0,4.98,0,0,0,0,0,0,4
4,9,43,0.0,6.55,0,0,1,0,0,0,1
4,9,43,0.62,3.81,0,0,0,1,0,1,2
4,9,43,0.31,6.55,0,0,0,0,1,0,3
4,9,43,0.0,4.67,0,0,0,0,0,0,4
5,9,45,0.0,6.55,0,0,1,0,0,0,1
5,9,45,0.62,4.67,0,0,0,1,0,1,2
5,9,45,0.31,6.55,0,0,0,0,1,0,3
5,9,45,0.0,4.67,0,0,0,0,0,0,4
6,9,49,0.0,7.02,0,0,1,0,0,0,1
6,9,49,0.62,4.67,0,0,0,1,0,1,2
6,9,49,0.31,7.02,0,0,0,0,1,0,3
6,9,49,0.0,5.45,0,0,0,0,0,0,4
7,9,51,0.0,7.02,0,0,1,0,0,0,1
7,9,51,0.62,4.67,0,0,0,1,0,1,2
7,9,51,0.31,7.02,0,0,0,0,1,0,3
7,9,51,0.0,5.45,0,0,0,0,0,0,4
8,11,3,0.33,5.08,0,1,1,0,0,1,1
8,11,3,0.5,4.22,0,0,0,1,0,0,2
8,11,3,0.0,5.39,0,0,0,0,1,0,3
8,11,3,0.17,5.02,0,1,0,0,0,0,4
9,11,11,0.33,4.98,0,1,1,0,0,1,1
9,11,11,0.5,4.22,0,0,0,1,0,0,2
9,11,11,0.0,5.28,0,0,0,0,1,0,3
9,11,11,0.17,4.89,0,0,0,0,0,0,4
10,11,17,0.33,6.45,0,0,1,0,0,1,1
10,11,17,0.5,4.89,0,0,0,1,0,0,2
10,11,17,0.0,6.45,0,0,0,0,1,0,3
10,11,17,0.17,4.89,0,0,0,0,0,0,4
11,11,21,0.33,4.67,0,0,1,0,0,1,1
11,11,21,0.5,4.98,0,0,0,1,0,0,2
11,11,21,0.0,6.55,0,0,0,0,1,0,3
11,11,21,0.17,4.98,0,0,0,0,0,0,4
12,11,43,0.33,6.55,0,0,1,0,0,0,1
12,11,43,0.5,4.67,0,0,0,1,0,1,2
12,11,43,0.0,6.55,0,0,0,0,1,0,3
12,11,43,0.17,4.67,0,0,0,0,0,0,4
13,12,9,0.0,5.28,0,0,1,0,0,0,1
13,12,9,0.0,4.44,0,0,0,1,0,0,2
13,12,9,0.86,5.28,0,0,0,0,1,1,3
13,12,9,0.14,4.89,0,0,0,0,0,0,4
14,12,15,0.0,5.28,0,0,1,0,0,0,1
14,12,15,0.0,4.89,0,0,0,1,0,0,2
14,12,15,0.86,6.45,0,0,0,0,1,1,3
14,12,15,0.14,6.45,0,0,0,0,0,0,4
15,12,19,0.0,6.45,0,0,1,0,0,0,1
15,12,19,0.0,4.89,0,0,0,1,0,0,2
15,12,19,0.86,6.45,0,0,0,0,1,1,3
15,12,19,0.14,6.45,0,0,0,0,0,0,4
16,12,23,0.0,6.45,0,0,1,0,0,0,1
16,12,23,0.0,4.89,0,0,0,1,0,0,2
16,12,23,0.86,6.45,0,0,0,0,1,1,3
16,12,23,0.14,6.45,0,0,0,0,0,0,4
17,12,31,0.0,4.98,0,0,1,0,0,0,1
17,12,31,0.0,4.89,0,1,0,1,0,0,2
17,12,31,0.86,6.45,0,0,0,0,1,1,3
17,12,31,0.14,4.67,0,0,0,0,0,0,4
18,12,40,0.0,6.45,0,0,1,0,0,0,1
18,12,40,0.0,4.52,0,1,0,1,0,0,2
18,12,40,0.86,5.45,0,1,0,0,1,1,3
18,12,40,0.14,4.67,0,0,0,0,0,0,4
19,12,45,0.0,6.45,0,0,1,0,0,0,1
19,12,45,0.0,4.67,0,1,0,1,0,0,2
19,12,45,0.86,5.45,0,0,0,0,1,1,3
19,12,45,0.14,6.45,0,0,0,0,0,0,4
20,12,50,0.0,6.95,0,0,1,0,0,0,1
20,12,50,0.0,4.67,0,0,0,1,0,0,2
20,12,50,0.86,6.95,0,0,0,0,1,1,3
20,12,50,0.14,6.95,0,0,0,0,0,0,4
21,15,9,0.0,5.3,0,0,1,0,0,0,1
21,15,9,1.0,4.98,0,0,0,1,0,1,2
21,15,9,0.0,5.38,0,0,0,0,1,0,3
21,15,9,0.0,4.98,0,0,0,0,0,0,4
22,15,10,0.0,6.45,0,0,1,0,0,0,1
22,15,10,1.0,4.2,1,0,0,1,0,1,2
22,15,10,0.0,5.28,0,0,0,0,1,0,3
22,15,10,0.0,4.89,0,0,0,0,0,0,4
23,15,10,0.0,6.45,0,0,1,0,0,0,1
23,15,10,1.0,4.2,1,0,0,1,0,1,2
23,15,10,0.0,5.28,0,0,0,0,1,0,3
23,15,10,0.0,4.89,0,0,0,0,0,0,4
24,15,19,0.0,4.67,0,0,1,0,0,0,1
24,15,19,1.0,4.98,0,0,0,1,0,1,2
24,15,19,0.0,6.55,0,0,0,0,1,0,3
24,15,19,0.0,4.98,0,0,0,0,0,0,4
25,15,27,0.0,4.67,0,0,1,0,0,0,1
25,15,27,1.0,4.98,0,0,0,1,0,1,2
25,15,27,0.0,6.55,0,0,0,0,1,0,3
25,15,27,0.0,4.98,0,0,0,0,0,0,4
26,15,49,0.0,6.95,0,0,1,0,0,0,1
26,15,49,1.0,3.89,0,0,0,1,0,1,2
26,15,49,0.0,6.95,0,0,0,0,1,0,3
26,15,49,0.0,5.39,0,0,0,0,0,0,4
27,16,1,0.0,6.45,0,0,1,0,0,0,1
27,16,1,0.18,3.89,1,1,0,1,0,1,2
27,16,1,0.59,6.45,0,0,0,0,1,0,3
27,16,1,0.14,6.45,0,0,0,0,0,0,4
28,16,3,0.0,6.45,0,0,1,0,0,0,1
28,16,3,0.18,4.36,0,1,0,1,0,1,2
28,16,3,0.59,6.45,0,0,0,0,1,0,3
28,16,3,0.14,6.45,0,0,0,0,0,0,4
29,16,6,0.0,5.28,0,0,1,0,0,0,1
29,16,6,0.18,4.36,0,0,0,1,0,1,2
29,16,6,0.59,5.28,0,0,0,0,1,0,3
29,16,6,0.14,4.89,0,0,0,0,0,0,4
30,16,17,0.0,6.45,0,0,1,0,0,0,1
30,16,17,0.18,4.89,0,0,0,1,0,0,2
30,16,17,0.59,5.28,0,0,0,0,1,0,3
30,16,17,0.14,4.89,0,0,0,0,0,1,4
31,16,50,0.0,6.95,0,0,1,0,0,0,1
31,16,50,0.18,3.58,0,0,0,1,0,1,2
31,16,50,0.59,6.95,0,0,0,0,1,0,3
31,16,50,0.14,5.39,0,0,0,0,0,0,4
32,21,30,0.0,4.98,1,0,1,0,0,0,1
32,21,30,1.0,4.89,0,1,0,1,0,1,2
32,21,30,0.0,6.45,0,0,0,0,1,0,3
32,21,30,0.0,6.45,0,0,0,0,0,0,4
33,21,32,0.0,5.38,0,0,1,0,0,0,1
33,21,32,1.0,4.98,0,0,0,1,0,1,2
33,21,32,0.0,5.45,0,0,0,0,1,0,3
33,21,32,0.0,6.55,0,0,0,0,0,0,4
34,21,41,0.0,6.55,0,0,1,0,0,0,1
34,21,41,1.0,3.81,1,1,0,1,0,1,2
34,21,41,0.0,5.45,0,0,0,0,1,0,3
34,21,41,0.0,4.67,0,0,0,0,0,0,4
35,21,41,0.0,6.55,0,0,1,0,0,0,1
35,21,41,1.0,3.81,1,1,0,1,0,1,2
35,21,41,0.0,5.45,0,0,0,0,1,0,3
35,21,41,0.0,4.67,0,0,0,0,0,0,4
36,21,42,0.0,6.55,0,0,1,0,0,0,1
36,21,42,1.0,3.81,0,0,0,1,0,1,2
36,21,42,0.0,5.45,0,0,0,0,1,0,3
36,21,42,0.0,6.55,0,0,0,0,0,0,4
37,21,47,0.0,6.97,0,0,1,0,0,0,1
37,21,47,1.0,3.88,1,0,0,1,0,1,2
37,21,47,0.0,7.0,0,0,0,0,1,0,3
37,21,47,0.0,5.41,0,0,0,0,0,0,4
38,21,50,0.0,7.02,0,0,1,0,0,0,1
38,21,50,1.0,4.67,0,0,0,1,0,1,2
38,21,50,0.0,7.02,0,0,0,0,1,0,3
38,21,50,0.0,5.45,0,0,0,0,0,0,4
39,34,5,1.0,5.39,0,0,1,0,0,1,1
39,34,5,0.0,5.27,0,0,0,1,0,0,2
39,34,5,0.0,5.39,0,0,0,0,1,0,3
39,34,5,0.0,5.02,0,1,0,0,0,0,4
40,34,7,1.0,5.39,0,1,1,0,0,1,1
40,34,7,0.0,5.03,0,0,0,1,0,0,2
40,34,7,0.0,5.39,0,0,0,0,1,0,3
40,34,7,0.0,5.02,0,0,0,0,0,0,4
41,34,12,1.0,5.39,0,0,1,0,0,1,1
41,34,12,0.0,5.24,0,0,0,1,0,0,2
41,34,12,0.0,6.94,0,0,0,0,1,0,3
41,34,12,0.0,5.01,0,0,0,0,0,0,4
42,34,15,1.0,5.39,0,0,1,0,0,1,1
42,34,15,0.0,5.03,0,0,0,1,0,0,2
42,34,15,0.0,4.03,0,0,0,0,1,0,3
42,34,15,0.0,6.63,0,0,0,0,0,0,4
43,34,24,1.0,5.39,0,0,1,0,0,1,1
43,34,24,0.0,5.03,0,0,0,1,0,0,2
43,34,24,0.0,6.56,0,0,0,0,1,0,3
43,34,24,0.0,5.06,0,0,0,0,0,0,4
44,34,27,1.0,5.39,0,0,1,0,0,1,1
44,34,27,0.0,5.03,0,0,0,1,0,0,2
44,34,27,0.0,6.56,0,0,0,0,1,0,3
44,34,27,0.0,5.06,0,0,0,0,0,0,4
45,34,31,1.0,5.39,0,0,1,0,0,1,1
45,34,31,0.0,5.03,0,0,0,1,0,0,2
45,34,31,0.0,6.56,0,0,0,0,1,0,3
45,34,31,0.0,6.63,0,0,0,0,0,0,4
46,34,33,1.0,5.39,0,0,1,0,0,1,1
46,34,33,0.0,5.03,0,0,0,1,0,0,2
46,34,33,0.0,6.56,0,0,0,0,1,0,3
46,34,33,0.0,6.63,0,0,0,0,0,0,4
47,34,42,1.0,6.56,0,0,1,0,0,1,1
47,34,42,0.0,4.22,0,1,0,1,0,0,2
47,34,42,0.0,4.75,0,0,0,0,1,0,3
47,34,42,0.0,3.88,0,0,0,0,0,0,4
48,42,2,0.0,4.73,0,1,1,0,0,1,1
48,42,2,0.27,5.27,0,0,0,1,0,0,2
48,42,2,0.0,5.11,0,0,0,0,1,0,3
48,42,2,0.73,5.02,0,0,0,0,0,0,4
49,42,2,0.0,4.73,0,1,1,0,0,0,1
49,42,2,0.27,5.27,0,0,0,1,0,0,2
49,42,2,0.0,5.11,0,0,0,0,1,0,3
49,42,2,0.73,5.02,0,0,0,0,0,1,4
50,42,3,0.0,5.39,0,1,1,0,0,0,1
50,42,3,0.27,5.27,0,0,0,1,0,0,2
50,42,3,0.0,5.39,0,0,0,0,1,0,3
50,42,3,0.73,5.02,0,0,0,0,0,1,4
51,42,6,0.0,5.39,0,1,1,0,0,0,1
51,42,6,0.27,5.27,0,0,0,1,0,0,2
51,42,6,0.0,5.39,0,0,0,0,1,0,3
51,42,6,0.73,5.02,0,1,0,0,0,1,4
52,42,8,0.0,5.28,0,0,1,0,0,1,1
52,42,8,0.27,4.36,0,1,0,1,0,0,2
52,42,8,0.0,5.28,0,0,0,0,1,0,3
52,42,8,0.73,4.89,0,0,0,0,0,0,4
53,42,10,0.0,5.39,0,1,1,0,0,0,1
53,42,10,0.27,5.03,0,0,0,1,0,0,2
53,42,10,0.0,5.39,0,0,0,0,1,0,3
53,42,10,0.73,5.02,0,1,0,0,0,1,4
54,42,11,0.0,5.39,0,1,1,0,0,0,1
54,42,11,0.27,5.03,0,0,0,1,0,0,2
54,42,11,0.0,5.39,0,0,0,0,1,0,3
54,42,11,0.73,5.02,0,0,0,0,0,1,4
55,42,36,0.0,5.39,0,0,1,0,0,0,1
55,42,36,0.27,5.03,0,0,0,1,0,0,2
55,42,36,0.0,3.78,0,0,0,0,1,0,3
55,42,36,0.73,3.88,0,0,0,0,0,1,4
56,42,42,0.0,6.56,0,0,1,0,0,0,1
56,42,42,0.27,4.22,0,1,0,1,0,0,2
56,42,42,0.0,4.75,0,0,0,0,1,0,3
56,42,42,0.73,3.88,0,0,0,0,0,1,4
57,42,50,0.0,6.95,0,0,1,0,0,0,1
57,42,50,0.27,3.58,0,0,0,1,0,1,2
57,42,50,0.0,6.95,0,0,0,0,1,0,3
57,42,50,0.73,5.39,0,0,0,0,0,0,4
58,43,3,0.33,5.28,0,1,1,0,0,1,1
58,43,3,0.33,4.22,0,0,0,1,0,0,2
58,43,3,0.0,6.45,0,0,0,0,1,0,3
58,43,3,0.33,4.89,0,0,0,0,0,0,4
59,43,4,0.33,5.28,0,1,1,0,0,1,1
59,43,4,0.33,4.22,0,0,0,1,0,0,2
59,43,4,0.0,6.45,0,0,0,0,1,0,3
59,43,4,0.33,4.89,0,0,0,0,0,0,4
60,43,11,0.33,4.98,0,1,1,0,0,1,1
60,43,11,0.33,4.22,0,0,0,1,0,0,2
60,43,11,0.0,5.28,0,0,0,0,1,0,3
60,43,11,0.33,4.89,0,0,0,0,0,0,4
61,43,11,0.33,4.98,0,1,1,0,0,1,1
61,43,11,0.33,4.22,0,0,0,1,0,0,2
61,43,11,0.0,5.28,0,0,0,0,1,0,3
61,43,11,0.33,4.89,0,0,0,0,0,0,4
62,46,2,0.0,5.08,0,1,1,0,0,0,1
62,46,2,0.0,4.67,0,1,0,1,0,0,2
62,46,2,0.16,5.06,0,0,0,0,1,0,3
62,46,2,0.79,4.67,0,0,0,0,0,1,4
63,46,6,0.0,6.45,0,0,1,0,0,0,1
63,46,6,0.0,4.36,0,1,0,1,0,0,2
63,46,6,0.16,6.45,0,0,0,0,1,0,3
63,46,6,0.79,4.89,0,0,0,0,0,1,4
64,46,7,0.0,5.28,0,0,1,0,0,0,1
64,46,7,0.0,4.36,0,0,0,1,0,0,2
64,46,7,0.16,6.45,0,0,0,0,1,0,3
64,46,7,0.79,6.45,0,0,0,0,0,1,4
65,46,10,0.0,5.28,0,0,1,0,0,0,1
65,46,10,0.0,4.2,1,0,0,1,0,0,2
65,46,10,0.16,5.28,0,0,0,0,1,0,3
65,46,10,0.79,6.45,0,0,0,0,0,1,4
66,46,37,0.0,6.55,0,0,1,0,0,0,1
66,46,37,0.0,6.55,0,0,0,1,0,0,2
66,46,37,0.16,4.67,1,1,0,0,1,0,3
66,46,37,0.79,3.88,0,0,0,0,0,1,4
67,46,44,0.0,6.55,0,0,1,0,0,0,1
67,46,44,0.0,4.67,0,0,0,1,0,0,2
67,46,44,0.16,5.45,0,0,0,0,1,0,3
67,46,44,0.79,6.55,0,0,0,0,0,1,4
68,46,46,0.0,6.55,0,0,1,0,0,0,1
68,46,46,0.0,4.67,0,0,0,1,0,0,2
68,46,46,0.16,5.45,0,0,0,0,1,0,3
68,46,46,0.79,4.98,0,0,0,0,0,1,4
69,46,48,0.0,6.97,0,0,1,0,0,0,1
69,46,48,0.0,3.88,0,0,0,1,0,0,2
69,46,48,0.16,7.0,0,0,0,0,1,0,3
69,46,48,0.79,5.41,0,0,0,0,0,1,4
70,96,30,0.0,4.98,1,0,1,0,0,0,1
70,96,30,0.0,4.67,0,1,0,1,0,0,2
70,96,30,0.72,6.45,0,0,0,0,1,1,3
70,96,30,0.22,4.67,0,0,0,0,0,0,4
71,96,33,0.0,6.45,0,0,1,0,0,0,1
71,96,33,0.0,4.89,0,0,0,1,0,0,2
71,96,33,0.72,5.45,0,0,0,0,1,1,3
71,96,33,0.22,4.2,0,0,0,0,0,0,4
72,96,36,0.0,6.45,0,0,1,0,0,0,1
72,96,36,0.0,4.89,0,0,0,1,0,0,2
72,96,36,0.72,5.45,0,1,0,0,1,1,3
72,96,36,0.22,4.67,0,0,0,0,0,0,4
73,96,39,0.0,6.45,0,0,1,0,0,0,1
73,96,39,0.0,4.52,1,1,0,1,0,0,2
73,96,39,0.72,5.45,0,0,0,0,1,1,3
73,96,39,0.22,4.67,0,0,0,0,0,0,4
74,96,42,0.0,6.45,0,0,1,0,0,0,1
74,96,42,0.0,4.67,0,1,0,1,0,0,2
74,96,42,0.72,5.45,0,0,0,0,1,1,3
74,96,42,0.22,4.67,0,0,0,0,0,0,4
75,96,48,0.0,6.95,0,0,1,0,0,0,1
75,96,48,0.0,3.89,1,1,0,1,0,0,2
75,96,48,0.72,6.95,0,0,0,0,1,1,3
75,96,48,0.22,4.89,0,0,0,0,0,0,4
76,96,51,0.0,6.95,0,0,1,0,0,0,1
76,96,51,0.0,4.67,0,0,0,1,0,0,2
76,96,51,0.72,6.95,0,0,0,0,1,1,3
76,96,51,0.22,5.39,0,0,0,0,0,0,4
77,113,1,0.0,6.45,0,0,1,0,0,0,1
77,113,1,0.0,3.89,1,1,0,1,0,0,2
77,113,1,1.0,6.45,0,0,0,0,1,1,3
77,113,1,0.0,6.45,0,0,0,0,0,0,4
78,113,10,0.0,6.55,0,0,1,0,0,0,1
78,113,10,0.0,4.98,0,0,0,1,0,0,2
78,113,10,1.0,5.38,0,0,0,0,1,1,3
78,113,10,0.0,4.98,0,0,0,0,0,0,4
79,113,39,0.0,6.45,0,0,1,0,0,0,1
79,113,39,0.0,4.52,1,1,0,1,0,0,2
79,113,39,1.0,5.45,0,0,0,0,1,1,3
79,113,39,0.0,4.67,0,0,0,0,0,0,4
80,113,52,0.0,6.95,0,0,1,0,0,0,1
80,113,52,0.0,4.95,0,0,0,1,0,0,2
80,113,52,1.0,6.95,0,0,0,0,1,1,3
80,113,52,0.0,5.39,0,0,0,0,0,0,4
81,119,15,0.0,5.43,0,0,1,0,0,0,1
81,119,15,1.0,4.89,0,0,0,1,0,1,2
81,119,15,0.0,6.94,0,0,0,0,1,0,3
81,119,15,0.0,6.45,0,0,0,0,0,0,4
82,119,19,0.0,6.45,0,0,1,0,0,0,1
82,119,19,1.0,4.89,0,0,0,1,0,1,2
82,119,19,0.0,6.45,0,0,0,0,1,0,3
82,119,19,0.0,4.89,0,0,0,0,0,0,4
83,119,29,0.0,6.45,0,0,1,0,0,0,1
83,119,29,1.0,4.67,0,0,0,1,0,1,2
83,119,29,0.0,6.45,0,0,0,0,1,0,3
83,119,29,0.0,4.67,0,0,0,0,0,0,4
84,119,34,0.0,6.45,0,0,1,0,0,1,1
84,119,34,1.0,4.89,0,0,0,1,0,0,2
84,119,34,0.0,5.45,0,0,0,0,1,0,3
84,119,34,0.0,4.67,0,0,0,0,0,0,4
85,119,34,0.0,6.45,0,0,1,0,0,0,1
85,119,34,1.0,4.89,0,0,0,1,0,1,2
85,119,34,0.0,5.45,0,0,0,0,1,0,3
85,119,34,0.0,4.67,0,0,0,0,0,0,4
86,119,43,0.0,6.45,0,0,1,0,0,0,1
86,119,43,1.0,4.67,0,1,0,1,0,1,2
86,119,43,0.0,5.45,0,0,0,0,1,0,3
86,119,43,0.0,4.67,0,0,0,0,0,0,4
87,119,45,0.0,6.45,0,0,1,0,0,0,1
87,119,45,1.0,4.67,0,0,0,1,0,1,2
87,119,45,0.0,6.45,0,0,0,0,1,0,3
87,119,45,0.0,4.89,0,0,0,0,0,0,4
88,130,1,0.18,5.08,1,1,1,0,0,1,1
88,130,1,0.27,4.33,0,0,0,1,0,0,2
88,130,1,0.27,6.45,0,0,0,0,1,0,3
88,130,1,0.18,4.67,0,0,0,0,0,0,4
89,130,5,0.18,5.38,0,1,1,0,0,0,1
89,130,5,0.27,4.67,0,0,0,1,0,1,2
89,130,5,0.27,5.28,0,0,0,0,1,0,3
89,130,5,0.18,4.67,1,1,0,0,0,0,4
90,130,6,0.18,5.08,0,0,1,0,0,0,1
90,130,6,0.27,4.67,0,0,0,1,0,0,2
90,130,6,0.27,5.28,0,0,0,0,1,0,3
90,130,6,0.18,4.67,1,0,0,0,0,1,4
91,130,10,0.18,6.55,0,0,1,0,0,0,1
91,130,10,0.27,4.98,0,0,0,1,0,0,2
91,130,10,0.27,5.38,0,0,0,0,1,0,3
91,130,10,0.18,4.98,0,0,0,0,0,1,4
92,132,6,0.0,5.08,0,0,1,0,0,0,1
92,132,6,0.0,4.67,0,0,0,1,0,0,2
92,132,6,0.0,5.28,0,0,0,0,1,0,3
92,132,6,1.0,4.67,1,0,0,0,0,1,4
93,132,32,0.0,6.45,0,0,1,0,0,0,1
93,132,32,0.0,4.86,0,0,0,1,0,0,2
93,132,32,0.0,6.45,0,0,0,0,1,0,3
93,132,32,1.0,4.2,1,1,0,0,0,1,4
94,132,41,0.0,6.55,0,0,1,0,0,0,1
94,132,41,0.0,3.81,1,1,0,1,0,1,2
94,132,41,0.0,5.45,0,0,0,0,1,0,3
94,132,41,1.0,4.67,0,0,0,0,0,0,4
95,132,47,0.0,6.97,0,0,1,0,0,0,1
95,132,47,0.0,3.88,1,0,0,1,0,1,2
95,132,47,0.0,7.0,0,0,0,0,1,0,3
95,132,47,1.0,5.41,0,0,0,0,0,0,4
96,147,2,0.82,5.08,0,1,1,0,0,1,1
96,147,2,0.0,4.67,0,0,0,1,0,0,2
96,147,2,0.0,6.55,0,0,0,0,1,0,3
96,147,2,0.09,4.89,0,0,0,0,0,0,4
97,147,8,0.82,5.14,1,1,1,0,0,1,1
97,147,8,0.0,4.67,0,0,0,1,0,0,2
97,147,8,0.0,5.28,0,0,0,0,1,0,3
97,147,8,0.09,4.98,0,0,0,0,0,0,4
98,147,11,0.82,5.08,0,0,1,0,0,1,1
98,147,11,0.0,4.94,0,0,0,1,0,0,2
98,147,11,0.0,5.19,0,0,0,0,1,0,3
98,147,11,0.09,4.93,0,0,0,0,0,0,4
99,147,21,0.82,4.67,0,0,1,0,0,1,1
99,147,21,0.0,4.98,0,0,0,1,0,0,2
99,147,21,0.0,6.55,0,0,0,0,1,0,3
99,147,21,0.09,4.98,0,0,0,0,0,0,4
100,147,35,0.82,6.45,0,0,1,0,0,1,1
100,147,35,0.0,4.86,0,0,0,1,0,0,2
100,147,35,0.0,5.45,0,0,0,0,1,0,3
100,147,35,0.09,4.67,0,1,0,0,0,0,4
101,154,1,0.05,5.08,1,1,1,0,0,1,1
101,154,1,0.95,4.33,0,0,0,1,0,0,2
101,154,1,0.0,6.55,0,0,0,0,1,0,3
101,154,1,0.0,4.98,0,0,0,0,0,0,4
102,154,4,0.05,4.67,0,1,1,0,0,0,1
102,154,4,0.95,4.67,0,0,0,1,0,1,2
102,154,4,0.0,5.28,0,0,0,0,1,0,3
102,154,4,0.0,4.98,0,0,0,0,0,0,4
103,154,7,0.05,4.67,0,0,1,0,0,0,1
103,154,7,0.95,4.67,0,0,0,1,0,0,2
103,154,7,0.0,5.28,0,0,0,0,1,0,3
103,154,7,0.0,4.42,0,0,0,0,0,1,4
104,154,11,0.05,4.67,0,0,1,0,0,0,1
104,154,11,0.95,4.98,0,0,0,1,0,1,2
104,154,11,0.0,5.38,0,0,0,0,1,0,3
104,154,11,0.0,4.98,0,0,0,0,0,0,4
105,154,17,0.05,5.38,0,0,1,0,0,0,1
105,154,17,0.95,4.98,0,0,0,1,0,0,2
105,154,17,0.0,6.55,0,0,0,0,1,0,3
105,154,17,0.0,4.98,0,0,0,0,0,1,4
106,154,21,0.05,4.67,0,0,1,0,0,0,1
106,154,21,0.95,4.98,0,0,0,1,0,1,2
106,154,21,0.0,6.55,0,0,0,0,1,0,3
106,154,21,0.0,4.98,0,0,0,0,0,0,4
107,154,39,0.05,6.55,0,0,1,0,0,0,1
107,154,39,0.95,4.98,0,0,0,1,0,1,2
107,154,39,0.0,4.67,1,0,0,0,1,0,3
107,154,39,0.0,4.67,0,0,0,0,0,0,4
108,154,40,0.05,6.55,0,0,1,0,0,0,1
108,154,40,0.95,4.67,0,0,0,1,0,1,2
108,154,40,0.0,4.67,0,0,0,0,1,0,3
108,154,40,0.0,4.67,0,0,0,0,0,0,4
109,154,42,0.05,6.55,0,0,1,0,0,0,1
109,154,42,0.95,3.81,0,1,0,1,0,1,2
109,154,42,0.0,5.45,0,0,0,0,1,0,3
109,154,42,0.0,4.67,0,0,0,0,0,0,4
110,154,47,0.05,7.02,0,0,1,0,0,0,1
110,154,47,0.95,3.88,1,0,0,1,0,1,2
110,154,47,0.0,7.02,0,0,0,0,1,0,3
110,154,47,0.0,5.45,0,0,0,0,0,0,4
111,154,49,0.05,7.02,0,0,1,0,0,0,1
111,154,49,0.95,4.67,0,0,0,1,0,1,2
111,154,49,0.0,7.02,0,0,0,0,1,0,3
111,154,49,0.0,5.45,0,0,0,0,0,0,4
112,154,50,0.05,7.02,0,0,1,0,0,0,1
112,154,50,0.95,4.67,0,0,0,1,0,1,2
112,154,50,0.0,7.02,0,0,0,0,1,0,3
112,154,50,0.0,5.45,0,0,0,0,0,0,4
113,156,1,0.0,5.08,1,1,1,0,0,1,1
113,156,1,0.5,4.33,0,0,0,1,0,0,2
113,156,1,0.33,6.55,0,0,0,0,1,0,3
113,156,1,0.17,4.89,0,0,0,0,0,0,4
114,156,2,0.0,6.45,0,0,1,0,0,0,1
114,156,2,0.5,3.89,0,1,0,1,0,1,2
114,156,2,0.33,6.45,0,0,0,0,1,0,3
114,156,2,0.17,4.89,0,0,0,0,0,0,4
115,156,4,0.0,4.67,1,1,1,0,0,1,1
115,156,4,0.5,4.77,0,1,0,1,0,0,2
115,156,4,0.33,5.06,0,0,0,0,1,0,3
115,156,4,0.17,4.77,0,0,0,0,0,0,4
116,156,10,0.0,6.45,0,0,1,0,0,0,1
116,156,10,0.5,4.2,1,0,0,1,0,1,2
116,156,10,0.33,5.28,0,0,0,0,1,0,3
116,156,10,0.17,4.89,0,0,0,0,0,0,4
117,156,28,0.0,6.45,0,0,1,0,0,0,1
117,156,28,0.5,4.67,1,1,0,1,0,1,2
117,156,28,0.33,6.45,0,0,0,0,1,0,3
117,156,28,0.17,4.89,0,0,0,0,0,0,4
118,156,40,0.0,6.45,0,0,1,0,0,0,1
118,156,40,0.5,4.52,0,0,0,1,0,1,2
118,156,40,0.33,5.45,0,0,0,0,1,0,3
118,156,40,0.17,4.67,0,0,0,0,0,0,4
119,157,3,0.0,5.28,0,1,1,0,0,0,1
119,157,3,0.83,4.22,0,0,0,1,0,1,2
119,157,3,0.17,6.45,0,0,0,0,1,0,3
119,157,3,0.0,4.89,0,0,0,0,0,0,4
120,157,7,0.0,5.08,0,0,1,0,0,0,1
120,157,7,0.83,4.67,0,0,0,1,0,1,2
120,157,7,0.17,5.28,0,0,0,0,1,0,3
120,157,7,0.0,4.98,0,0,0,0,0,0,4
121,157,26,0.0,6.45,0,0,1,0,0,0,1
121,157,26,0.83,4.89,0,0,0,1,0,1,2
121,157,26,0.17,6.45,0,0,0,0,1,0,3
121,157,26,0.0,4.89,0,0,0,0,0,0,4
122,157,32,0.0,5.38,0,0,1,0,0,0,1
122,157,32,0.83,4.98,0,0,0,1,0,1,2
122,157,32,0.17,5.45,0,0,0,0,1,0,3
122,157,32,0.0,6.55,0,0,0,0,0,0,4
123,160,3,1.0,4.67,0,1,1,0,0,1,1
123,160,3,0.0,4.67,0,0,0,1,0,0,2
123,160,3,0.0,5.28,0,0,0,0,1,0,3
123,160,3,0.0,4.98,0,0,0,0,0,0,4
124,160,11,1.0,4.67,0,0,1,0,0,1,1
124,160,11,0.0,4.98,0,0,0,1,0,0,2
124,160,11,0.0,5.38,0,0,0,0,1,0,3
124,160,11,0.0,4.98,0,0,0,0,0,0,4
125,160,14,1.0,4.67,0,0,1,0,0,1,1
125,160,14,0.0,4.67,0,0,0,1,0,0,2
125,160,14,0.0,6.55,0,0,0,0,1,0,3
125,160,14,0.0,6.55,0,0,0,0,0,0,4
126,160,19,1.0,4.67,0,0,1,0,0,1,1
126,160,19,0.0,4.98,0,0,0,1,0,0,2
126,160,19,0.0,6.55,0,0,0,0,1,0,3
126,160,19,0.0,4.98,0,0,0,0,0,0,4
127,164,1,0.0,5.08,0,1,1,0,0,1,1
127,164,1,1.0,4.22,1,1,0,1,0,0,2
127,164,1,0.0,6.45,0,0,0,0,1,0,3
127,164,1,0.0,4.89,0,0,0,0,0,0,4
128,164,23,0.0,4.67,0,0,1,0,0,0,1
128,164,23,1.0,4.98,0,0,0,1,0,1,2
128,164,23,0.0,6.55,0,0,0,0,1,0,3
128,164,23,0.0,4.98,0,0,0,0,0,0,4
129,164,36,0.0,5.38,0,0,1,0,0,0,1
129,164,36,1.0,4.98,0,0,0,1,0,1,2
129,164,36,0.0,5.45,0,0,0,0,1,0,3
129,164,36,0.0,3.88,1,1,0,0,0,0,4
130,164,50,0.0,6.95,0,0,1,0,0,0,1
130,164,50,1.0,3.58,0,0,0,1,0,1,2
130,164,50,0.0,6.95,0,0,0,0,1,0,3
130,164,50,0.0,5.39,0,0,0,0,0,0,4
131,166,2,0.46,6.45,0,0,1,0,0,0,1
131,166,2,0.27,3.89,0,1,0,1,0,1,2
131,166,2,0.27,6.45,0,0,0,0,1,0,3
131,166,2,0.0,6.45,0,0,0,0,0,0,4
132,166,3,0.46,6.45,0,0,1,0,0,0,1
132,166,3,0.27,4.36,0,1,0,1,0,1,2
132,166,3,0.27,6.95,0,0,0,0,1,0,3
132,166,3,0.0,6.45,0,0,0,0,0,0,4
133,166,4,0.46,6.45,0,0,1,0,0,1,1
133,166,4,0.27,4.36,0,1,0,1,0,0,2
133,166,4,0.27,6.45,0,0,0,0,1,0,3
133,166,4,0.0,6.45,0,0,0,0,0,0,4
134,166,5,0.46,6.45,0,0,1,0,0,0,1
134,166,5,0.27,4.36,0,0,0,1,0,1,2
134,166,5,0.27,6.45,0,0,0,0,1,0,3
134,166,5,0.0,6.45,0,0,0,0,0,0,4
135,166,31,0.46,4.98,0,0,1,0,0,1,1
135,166,31,0.27,4.89,0,0,0,1,0,0,2
135,166,31,0.27,6.45,0,0,0,0,1,0,3
135,166,31,0.0,4.67,0,0,0,0,0,0,4
136,168,27,0.0,6.45,0,0,1,0,0,0,1
136,168,27,0.0,4.98,0,0,0,1,0,0,2
136,168,27,1.0,6.45,0,0,0,0,1,1,3
136,168,27,0.0,6.45,0,0,0,0,0,0,4
137,168,30,0.0,4.98,1,0,1,0,0,0,1
137,168,30,0.0,4.67,0,1,0,1,0,1,2
137,168,30,1.0,6.45,0,0,0,0,1,0,3
137,168,30,0.0,4.67,0,0,0,0,0,0,4
138,168,43,0.0,6.45,0,0,1,0,0,0,1
138,168,43,0.0,4.67,0,0,0,1,0,0,2
138,168,43,1.0,6.45,0,0,0,0,1,1,3
138,168,43,0.0,6.45,0,0,0,0,0,0,4
139,168,52,0.0,6.95,0,0,1,0,0,0,1
139,168,52,0.0,4.95,0,0,0,1,0,0,2
139,168,52,1.0,6.95,0,0,0,0,1,1,3
139,168,52,0.0,5.39,0,0,0,0,0,0,4
140,171,7,0.36,5.28,0,0,1,0,0,1,1
140,171,7,0.64,4.36,0,0,0,1,0,0,2
140,171,7,0.0,5.28,0,0,0,0,1,0,3
140,171,7,0.0,4.89,0,0,0,0,0,0,4
141,171,7,0.36,5.28,0,0,1,0,0,0,1
141,171,7,0.64,4.36,0,0,0,1,0,1,2
141,171,7,0.0,5.28,0,0,0,0,1,0,3
141,171,7,0.0,4.89,0,0,0,0,0,0,4
142,171,11,0.36,5.28,0,0,1,0,0,1,1
142,171,11,0.64,4.2,0,0,0,1,0,0,2
142,171,11,0.0,5.28,0,0,0,0,1,0,3
142,171,11,0.0,6.45,0,0,0,0,0,0,4
143,171,16,0.36,6.45,0,0,1,0,0,0,1
143,171,16,0.64,4.67,0,0,0,1,0,1,2
143,171,16,0.0,6.45,0,0,0,0,1,0,3
143,171,16,0.0,6.45,0,0,0,0,0,0,4
144,171,45,0.36,6.45,0,0,1,0,0,1,1
144,171,45,0.64,4.67,0,0,0,1,0,0,2
144,171,45,0.0,6.45,0,0,0,0,1,0,3
144,171,45,0.0,4.89,0,0,0,0,0,0,4
145,179,2,0.0,6.45,0,0,1,0,0,0,1
145,179,2,0.64,3.89,0,1,0,1,0,1,2
145,179,2,0.09,6.45,0,0,0,0,1,0,3
145,179,2,0.27,6.45,0,0,0,0,0,0,4
146,179,29,0.0,4.67,0,0,1,0,0,0,1
146,179,29,0.64,4.67,1,0,0,1,0,1,2
146,179,29,0.09,6.55,0,0,0,0,1,0,3
146,179,29,0.27,4.98,0,0,0,0,0,0,4
147,179,41,0.0,6.55,0,0,1,0,0,0,1
147,179,41,0.64,3.81,1,1,0,1,0,1,2
147,179,41,0.09,5.45,0,0,0,0,1,0,3
147,179,41,0.27,4.67,0,0,0,0,0,0,4
148,179,47,0.0,7.02,0,0,1,0,0,0,1
148,179,47,0.64,3.88,1,0,0,1,0,1,2
148,179,47,0.09,7.02,0,0,0,0,1,0,3
148,179,47,0.27,5.45,0,0,0,0,0,0,4
149,184,11,0.0,5.28,0,0,1,0,0,0,1
149,184,11,0.0,4.29,0,0,0,1,0,0,2
149,184,11,0.83,5.28,0,0,0,0,1,1,3
149,184,11,0.17,6.45,0,0,0,0,0,0,4
150,184,13,0.0,5.28,0,0,1,0,0,0,1
150,184,13,0.0,4.67,0,0,0,1,0,0,2
150,184,13,0.83,5.28,0,0,0,0,1,1,3
150,184,13,0.17,6.45,0,0,0,0,0,0,4
151,184,21,0.0,6.45,0,0,1,0,0,0,1
151,184,21,0.0,4.89,0,0,0,1,0,0,2
151,184,21,0.83,6.45,0,0,0,0,1,0,3
151,184,21,0.17,4.67,1,1,0,0,0,1,4
152,184,37,0.0,6.55,0,0,1,0,0,0,1
152,184,37,0.0,6.55,0,0,0,1,0,0,2
152,184,37,0.83,4.67,1,1,0,0,1,1,3
152,184,37,0.17,3.88,0,0,0,0,0,0,4
153,184,44,0.0,6.45,0,0,1,0,0,0,1
153,184,44,0.0,4.67,0,1,0,1,0,0,2
153,184,44,0.83,5.45,0,0,0,0,1,1,3
153,184,44,0.17,6.45,0,0,0,0,0,0,4
154,186,16,0.0,5.39,0,0,1,0,0,0,1
154,186,16,0.67,5.03,0,0,0,1,0,1,2
154,186,16,0.0,4.03,0,0,0,0,1,0,3
154,186,16,0.33,5.06,0,0,0,0,0,0,4
155,186,16,0.0,5.28,0,0,1,0,0,0,1
155,186,16,0.67,4.36,0,0,0,1,0,1,2
155,186,16,0.0,5.28,0,0,0,0,1,0,3
155,186,16,0.33,6.45,0,0,0,0,0,0,4
156,186,21,0.0,6.45,0,0,1,0,0,0,1
156,186,21,0.67,4.89,0,0,0,1,0,0,2
156,186,21,0.0,6.45,0,0,0,0,1,0,3
156,186,21,0.33,4.67,1,0,0,0,0,1,4
157,186,30,0.0,4.98,1,0,1,0,0,0,1
157,186,30,0.67,4.67,0,0,0,1,0,1,2
157,186,30,0.0,6.45,0,0,0,0,1,0,3
157,186,30,0.33,4.89,0,0,0,0,0,0,4
158,186,45,0.0,6.45,0,0,1,0,0,0,1
158,186,45,0.67,4.67,0,0,0,1,0,1,2
158,186,45,0.0,6.45,0,0,0,0,1,0,3
158,186,45,0.33,4.67,0,0,0,0,0,0,4
159,190,4,0.0,5.39,0,1,1,0,0,0,1
159,190,4,1.0,5.26,0,0,0,1,0,1,2
159,190,4,0.0,5.41,0,0,0,0,1,0,3
159,190,4,0.0,5.02,0,1,0,0,0,0,4
160,190,11,0.0,5.39,0,1,1,0,0,0,1
160,190,11,1.0,5.03,0,0,0,1,0,1,2
160,190,11,0.0,5.39,0,0,0,0,1,0,3
160,190,11,0.0,5.02,0,0,0,0,0,0,4
161,190,18,0.0,6.45,0,0,1,0,0,0,1
161,190,18,1.0,4.89,0,0,0,1,0,1,2
161,190,18,0.0,6.45,0,0,0,0,1,0,3
161,190,18,0.0,4.89,0,0,0,0,0,0,4
162,190,22,0.0,5.39,0,0,1,0,0,0,1
162,190,22,1.0,5.03,0,0,0,1,0,1,2
162,190,22,0.0,6.56,0,0,0,0,1,0,3
162,190,22,0.0,4.83,0,0,0,0,0,0,4
163,190,31,0.0,5.39,0,0,1,0,0,0,1
163,190,31,1.0,5.03,0,0,0,1,0,1,2
163,190,31,0.0,6.56,0,0,0,0,1,0,3
163,190,31,0.0,6.63,0,0,0,0,0,0,4
164,190,38,0.0,6.56,0,0,1,0,0,0,1
164,190,38,1.0,5.03,0,0,0,1,0,1,2
164,190,38,0.0,3.78,0,0,0,0,1,0,3
164,190,38,0.0,3.88,0,0,0,0,0,0,4
165,190,45,0.0,6.56,0,0,1,0,0,0,1
165,190,45,1.0,4.22,0,0,0,1,0,1,2
165,190,45,0.0,4.75,0,0,0,0,1,0,3
165,190,45,0.0,3.88,0,0,0,0,0,0,4
166,190,52,0.0,6.95,0,0,1,0,0,0,1
166,190,52,1.0,4.95,0,0,0,1,0,1,2
166,190,52,0.0,6.95,0,0,0,0,1,0,3
166,190,52,0.0,5.39,0,0,0,0,0,0,4
167,192,1,0.29,5.08,1,1,1,0,0,1,1
167,192,1,0.38,4.33,0,0,0,1,0,0,2
167,192,1,0.0,6.55,0,0,0,0,1,0,3
167,192,1,0.29,4.98,0,0,0,0,0,0,4
168,192,7,0.29,4.67,0,0,1,0,0,1,1
168,192,7,0.38,4.67,0,0,0,1,0,0,2
168,192,7,0.0,5.28,0,0,0,0,1,0,3
168,192,7,0.29,4.42,0,0,0,0,0,0,4
169,192,21,0.29,6.45,0,0,1,0,0,0,1
169,192,21,0.38,4.89,0,0,0,1,0,0,2
169,192,21,0.0,6.45,0,0,0,0,1,0,3
169,192,21,0.29,4.67,1,0,0,0,0,1,4
170,192,43,0.29,6.55,0,0,1,0,0,0,1
170,192,43,0.38,3.81,0,0,0,1,0,1,2
170,192,43,0.0,6.55,0,0,0,0,1,0,3
170,192,43,0.29,4.67,0,0,0,0,0,0,4
171,192,50,0.29,6.95,0,0,1,0,0,0,1
171,192,50,0.38,3.58,0,0,0,1,0,1,2
171,192,50,0.0,6.95,0,0,0,0,1,0,3
171,192,50,0.29,5.39,0,0,0,0,0,0,4
172,201,12,0.0,5.28,0,0,1,0,0,1,1
172,201,12,1.0,4.36,0,1,0,1,0,0,2
172,201,12,0.0,5.28,0,0,0,0,1,0,3
172,201,12,0.0,4.89,0,0,0,0,0,0,4
173,201,19,0.0,6.45,0,0,1,0,0,0,1
173,201,19,1.0,4.89,0,0,0,1,0,1,2
173,201,19,0.0,6.45,0,0,0,0,1,0,3
173,201,19,0.0,4.89,0,0,0,0,0,0,4
174,201,21,0.0,6.45,0,0,1,0,0,1,1
174,201,21,1.0,4.89,0,0,0,1,0,0,2
174,201,21,0.0,6.45,0,0,0,0,1,0,3
174,201,21,0.0,4.67,1,0,0,0,0,0,4
175,201,25,0.0,6.45,0,0,1,0,0,1,1
175,201,25,1.0,4.89,0,0,0,1,0,0,2
175,201,25,0.0,6.45,0,0,0,0,1,0,3
175,201,25,0.0,4.89,0,0,0,0,0,0,4
176,201,41,0.0,6.45,0,0,1,0,0,0,1
176,201,41,1.0,4.52,0,0,0,1,0,1,2
176,201,41,0.0,5.45,0,0,0,0,1,0,3
176,201,41,0.0,4.67,0,0,0,0,0,0,4
177,201,42,0.0,6.45,0,0,1,0,0,0,1
177,201,42,1.0,4.59,0,0,0,1,0,1,2
177,201,42,0.0,5.45,0,0,0,0,1,0,3
177,201,42,0.0,4.67,0,0,0,0,0,0,4
178,201,43,0.0,6.45,0,0,1,0,0,0,1
178,201,43,1.0,4.67,0,0,0,1,0,1,2
178,201,43,0.0,5.45,0,0,0,0,1,0,3
178,201,43,0.0,4.67,0,0,0,0,0,0,4
179,201,44,0.0,6.45,0,0,1,0,0,0,1
179,201,44,1.0,4.67,0,0,0,1,0,1,2
179,201,44,0.0,5.45,0,0,0,0,1,0,3
179,201,44,0.0,6.45,0,0,0,0,0,0,4
180,201,45,0.0,6.45,0,0,1,0,0,0,1
180,201,45,1.0,4.67,0,0,0,1,0,1,2
180,201,45,0.0,6.45,0,0,0,0,1,0,3
180,201,45,0.0,4.67,0,0,0,0,0,0,4
181,201,49,0.0,6.95,0,0,1,0,0,0,1
181,201,49,1.0,3.89,0,1,0,1,0,1,2
181,201,49,0.0,6.95,0,0,0,0,1,0,3
181,201,49,0.0,5.39,0,0,0,0,0,0,4
182,201,49,0.0,6.95,0,0,1,0,0,0,1
182,201,49,1.0,3.89,0,1,0,1,0,1,2
182,201,49,0.0,6.95,0,0,0,0,1,0,3
182,201,49,0.0,5.39,0,0,0,0,0,0,4
183,201,52,0.0,6.95,0,0,1,0,0,1,1
183,201,52,1.0,4.36,0,0,0,1,0,0,2
183,201,52,0.0,6.95,0,0,0,0,1,0,3
183,201,52,0.0,5.39,0,0,0,0,0,0,4
184,203,1,0.0,5.08,1,1,1,0,0,0,1
184,203,1,1.0,4.33,0,0,0,1,0,1,2
184,203,1,0.0,6.55,0,0,0,0,1,0,3
184,203,1,0.0,4.89,0,0,0,0,0,0,4
185,203,5,0.0,5.08,0,1,1,0,0,0,1
185,203,5,1.0,4.67,0,0,0,1,0,1,2
185,203,5,0.0,5.28,0,0,0,0,1,0,3
185,203,5,0.0,4.67,1,0,0,0,0,0,4
186,203,7,0.0,5.08,0,0,1,0,0,0,1
186,203,7,1.0,4.67,0,0,0,1,0,1,2
186,203,7,0.0,5.28,0,0,0,0,1,0,3
186,203,7,0.0,4.98,0,0,0,0,0,0,4
187,203,11,0.0,5.38,0,0,1,0,0,0,1
187,203,11,1.0,4.67,0,0,0,1,0,1,2
187,203,11,0.0,5.38,0,0,0,0,1,0,3
187,203,11,0.0,4.98,0,0,0,0,0,0,4
188,203,17,0.0,4.67,0,0,1,0,0,0,1
188,203,17,1.0,4.89,0,0,0,1,0,1,2
188,203,17,0.0,5.28,0,0,0,0,1,0,3
188,203,17,0.0,4.89,0,0,0,0,0,0,4
189,203,20,0.0,4.67,0,0,1,0,0,0,1
189,203,20,1.0,4.98,0,0,0,1,0,1,2
189,203,20,0.0,6.55,0,0,0,0,1,0,3
189,203,20,0.0,4.98,0,0,0,0,0,0,4
190,203,22,0.0,6.36,0,0,1,0,0,0,1
190,203,22,1.0,4.83,0,0,0,1,0,1,2
190,203,22,0.0,6.36,0,0,0,0,1,0,3
190,203,22,0.0,4.83,0,0,0,0,0,0,4
191,203,25,0.0,6.36,0,0,1,0,0,0,1
191,203,25,1.0,4.83,0,0,0,1,0,1,2
191,203,25,0.0,6.36,0,0,0,0,1,0,3
191,203,25,0.0,4.83,0,0,0,0,0,0,4
192,203,27,0.0,4.67,0,0,1,0,0,0,1
192,203,27,1.0,4.98,0,0,0,1,0,1,2
192,203,27,0.0,6.55,0,0,0,0,1,0,3
192,203,27,0.0,4.98,0,0,0,0,0,0,4
193,203,39,0.0,6.55,0,0,1,0,0,0,1
193,203,39,1.0,4.67,0,0,0,1,0,1,2
193,203,39,0.0,4.67,1,0,0,0,1,0,3
193,203,39,0.0,4.67,0,0,0,0,0,0,4
194,203,41,0.0,6.55,0,0,1,0,0,0,1
194,203,41,1.0,3.81,1,1,0,1,0,1,2
194,203,41,0.0,5.45,0,0,0,0,1,0,3
194,203,41,0.0,4.67,0,0,0,0,0,0,4
195,203,45,0.0,6.55,0,0,1,0,0,0,1
195,203,45,1.0,4.67,0,0,0,1,0,1,2
195,203,45,0.0,6.55,0,0,0,0,1,0,3
195,203,45,0.0,4.98,0,0,0,0,0,0,4
196,203,47,0.0,6.97,0,0,1,0,0,0,1
196,203,47,1.0,3.88,1,0,0,1,0,1,2
196,203,47,0.0,7.0,0,0,0,0,1,0,3
196,203,47,0.0,5.41,0,0,0,0,0,0,4
197,204,1,0.0,5.08,1,1,1,0,0,1,1
197,204,1,0.71,4.33,0,0,0,1,0,0,2
197,204,1,0.14,6.55,0,0,0,0,1,0,3
197,204,1,0.14,4.89,0,0,0,0,0,0,4
198,204,1,0.0,5.08,1,1,1,0,0,0,1
198,204,1,0.71,4.33,0,0,0,1,0,1,2
198,204,1,0.14,6.55,0,0,0,0,1,0,3
198,204,1,0.14,4.89,0,0,0,0,0,0,4
199,204,2,0.0,6.45,0,0,1,0,0,0,1
199,204,2,0.71,3.89,0,1,0,1,0,1,2
199,204,2,0.14,6.45,0,0,0,0,1,0,3
199,204,2,0.14,4.89,0,0,0,0,0,0,4
200,204,32,0.0,5.72,0,0,1,0,0,0,1
200,204,32,0.71,4.89,0,0,0,1,0,0,2
200,204,32,0.14,5.45,0,0,0,0,1,0,3
200,204,32,0.14,4.2,1,0,0,0,0,1,4
201,204,40,0.0,6.45,0,0,1,0,0,0,1
201,204,40,0.71,4.52,0,0,0,1,0,1,2
201,204,40,0.14,5.45,0,0,0,0,1,0,3
201,204,40,0.14,4.67,0,0,0,0,0,0,4
202,204,49,0.0,6.95,0,0,1,0,0,0,1
202,204,49,0.71,3.89,0,1,0,1,0,1,2
202,204,49,0.14,6.95,0,0,0,0,1,0,3
202,204,49,0.14,4.89,0,0,0,0,0,0,4
203,206,29,0.0,4.67,0,0,1,0,0,0,1
203,206,29,0.5,4.67,1,0,0,1,0,1,2
203,206,29,0.0,6.55,0,0,0,0,1,0,3
203,206,29,0.5,4.98,0,0,0,0,0,0,4
204,206,33,0.0,5.38,0,0,1,0,0,0,1
204,206,33,0.5,4.98,0,0,0,1,0,1,2
204,206,33,0.0,5.45,0,0,0,0,1,0,3
204,206,33,0.5,4.98,0,0,0,0,0,0,4
205,206,36,0.0,5.38,0,0,1,0,0,0,1
205,206,36,0.5,4.98,0,0,0,1,0,0,2
205,206,36,0.0,5.45,0,0,0,0,1,0,3
205,206,36,0.5,3.88,1,0,0,0,0,1,4
206,206,41,0.0,6.55,0,0,1,0,0,0,1
206,206,41,0.5,3.81,1,1,0,1,0,1,2
206,206,41,0.0,5.45,0,0,0,0,1,0,3
206,206,41,0.5,4.67,0,0,0,0,0,0,4
207,206,47,0.0,7.02,0,0,1,0,0,0,1
207,206,47,0.5,3.88,1,0,0,1,0,1,2
207,206,47,0.0,7.02,0,0,0,0,1,0,3
207,206,47,0.5,5.45,0,0,0,0,0,0,4
208,208,1,0.0,6.45,0,0,1,0,0,0,1
208,208,1,1.0,3.89,1,1,0,1,0,1,2
208,208,1,0.0,6.45,0,0,0,0,1,0,3
208,208,1,0.0,6.45,0,0,0,0,0,0,4
209,208,4,0.0,6.45,0,0,1,0,0,0,1
209,208,4,1.0,4.36,0,1,0,1,0,1,2
209,208,4,0.0,6.45,0,0,0,0,1,0,3
209,208,4,0.0,4.89,0,0,0,0,0,0,4
210,208,8,0.0,4.67,1,1,1,0,0,0,1
210,208,8,1.0,4.67,0,0,0,1,0,1,2
210,208,8,0.0,5.38,0,0,0,0,1,0,3
210,208,8,0.0,4.42,0,1,0,0,0,0,4
211,208,22,0.0,4.67,0,0,1,0,0,0,1
211,208,22,1.0,4.98,0,0,0,1,0,1,2
211,208,22,0.0,6.55,0,0,0,0,1,0,3
211,208,22,0.0,4.98,0,0,0,0,0,0,4
212,208,26,0.0,4.67,0,0,1,0,0,0,1
212,208,26,1.0,4.98,0,0,0,1,0,1,2
212,208,26,0.0,6.55,0,0,0,0,1,0,3
212,208,26,0.0,4.98,0,0,0,0,0,0,4
213,208,27,0.0,4.67,0,0,1,0,0,0,1
213,208,27,1.0,4.98,0,0,0,1,0,1,2
213,208,27,0.0,6.55,0,0,0,0,1,0,3
213,208,27,0.0,4.98,0,0,0,0,0,0,4
214,208,28,0.0,4.67,0,0,1,0,0,0,1
214,208,28,1.0,4.98,0,0,0,1,0,1,2
214,208,28,0.0,6.55,0,0,0,0,1,0,3
214,208,28,0.0,4.98,0,0,0,0,0,0,4
215,208,33,0.0,5.38,0,0,1,0,0,0,1
215,208,33,1.0,4.98,0,0,0,1,0,1,2
215,208,33,0.0,5.45,0,0,0,0,1,0,3
215,208,33,0.0,4.98,0,0,0,0,0,0,4
216,208,33,0.0,5.38,0,0,1,0,0,0,1
216,208,33,1.0,4.98,0,0,0,1,0,1,2
216,208,33,0.0,5.45,0,0,0,0,1,0,3
216,208,33,0.0,4.98,0,0,0,0,0,0,4
217,208,38,0.0,6.55,0,0,1,0,0,0,1
217,208,38,1.0,4.98,0,0,0,1,0,1,2
217,208,38,0.0,4.67,0,0,0,0,1,0,3
217,208,38,0.0,4.67,0,0,0,0,0,0,4
218,208,40,0.0,6.55,0,0,1,0,0,0,1
218,208,40,1.0,4.67,0,0,0,1,0,1,2
218,208,40,0.0,4.67,0,0,0,0,1,0,3
218,208,40,0.0,4.67,0,0,0,0,0,0,4
219,208,41,0.0,6.55,0,0,1,0,0,0,1
219,208,41,1.0,3.81,1,1,0,1,0,1,2
219,208,41,0.0,5.45,0,0,0,0,1,0,3
219,208,41,0.0,4.67,0,0,0,0,0,0,4
220,208,42,0.0,6.55,0,0,1,0,0,0,1
220,208,42,1.0,3.81,0,1,0,1,0,1,2
220,208,42,0.0,5.45,0,0,0,0,1,0,3
220,208,42,0.0,4.67,0,0,0,0,0,0,4
221,208,50,0.0,7.02,0,0,1,0,0,0,1
221,208,50,1.0,4.67,0,0,0,1,0,1,2
221,208,50,0.0,7.02,0,0,0,0,1,0,3
221,208,50,0.0,5.45,0,0,0,0,0,0,4
222,219,2,0.0,5.08,0,1,1,0,0,1,1
222,219,2,0.0,4.67,0,0,0,1,0,0,2
222,219,2,0.26,6.45,0,0,0,0,1,0,3
222,219,2,0.74,4.67,0,0,0,0,0,0,4
223,219,6,0.0,5.38,0,1,1,0,0,0,1
223,219,6,0.0,4.67,0,0,0,1,0,0,2
223,219,6,0.26,5.28,0,0,0,0,1,0,3
223,219,6,0.74,4.67,1,1,0,0,0,1,4
224,219,8,0.0,5.3,1,1,1,0,0,1,1
224,219,8,0.0,4.67,0,0,0,1,0,0,2
224,219,8,0.26,5.38,0,0,0,0,1,0,3
224,219,8,0.74,4.98,0,0,0,0,0,0,4
225,219,10,0.0,5.38,0,0,1,0,0,0,1
225,219,10,0.0,4.67,0,0,0,1,0,0,2
225,219,10,0.26,5.38,0,0,0,0,1,0,3
225,219,10,0.74,6.55,0,0,0,0,0,1,4
226,219,11,0.0,5.38,0,0,1,0,0,0,1
226,219,11,0.0,6.55,0,0,0,1,0,0,2
226,219,11,0.26,5.38,0,0,0,0,1,0,3
226,219,11,0.74,6.55,0,0,0,0,0,1,4
227,219,13,0.0,5.38,0,0,1,0,0,0,1
227,219,13,0.0,6.55,0,0,0,1,0,0,2
227,219,13,0.26,6.45,0,0,0,0,1,0,3
227,219,13,0.74,6.55,0,0,0,0,0,1,4
228,219,15,0.0,5.19,0,0,1,0,0,0,1
228,219,15,0.0,4.8,0,0,0,1,0,0,2
228,219,15,0.26,5.06,0,0,0,0,1,0,3
228,219,15,0.74,4.83,0,0,0,0,0,1,4
229,219,33,0.0,5.38,0,0,1,0,0,0,1
229,219,33,0.0,4.98,0,0,0,1,0,0,2
229,219,33,0.26,5.45,0,0,0,0,1,0,3
229,219,33,0.74,4.98,0,0,0,0,0,1,4
230,219,39,0.0,5.28,0,0,1,0,0,1,1
230,219,39,0.0,4.22,0,0,0,1,0,0,2
230,219,39,0.26,4.92,0,0,0,0,1,0,3
230,219,39,0.74,4.89,0,0,0,0,0,0,4
231,219,40,0.0,5.28,0,0,1,0,0,1,1
231,219,40,0.0,4.22,0,0,0,1,0,0,2
231,219,40,0.26,4.92,0,0,0,0,1,0,3
231,219,40,0.74,4.89,0,0,0,0,0,0,4
232,219,44,0.0,6.55,0,0,1,0,0,1,1
232,219,44,0.0,4.67,0,0,0,1,0,0,2
232,219,44,0.26,6.55,0,0,0,0,1,0,3
232,219,44,0.74,4.67,0,0,0,0,0,0,4
233,219,48,0.0,7.02,0,0,1,0,0,1,1
233,219,48,0.0,3.88,0,0,0,1,0,0,2
233,219,48,0.26,7.02,0,0,0,0,1,0,3
233,219,48,0.74,5.45,0,0,0,0,0,0,4
234,223,2,0.0,5.08,0,1,1,0,0,0,1
234,223,2,0.78,4.67,0,1,0,1,0,1,2
234,223,2,0.11,5.06,0,0,0,0,1,0,3
234,223,2,0.11,4.67,0,0,0,0,0,0,4
235,223,9,0.0,5.28,1,1,1,0,0,0,1
235,223,9,0.78,4.22,0,0,0,1,0,1,2
235,223,9,0.11,5.28,0,0,0,0,1,0,3
235,223,9,0.11,4.89,0,0,0,0,0,0,4
236,223,15,0.0,5.38,0,0,1,0,0,0,1
236,223,15,0.78,4.98,0,0,0,1,0,1,2
236,223,15,0.11,6.45,0,0,0,0,1,0,3
236,223,15,0.11,6.55,0,0,0,0,0,0,4
237,223,27,0.0,5.38,0,0,1,0,0,0,1
237,223,27,0.78,4.98,0,0,0,1,0,1,2
237,223,27,0.11,6.55,0,0,0,0,1,0,3
237,223,27,0.11,4.98,0,0,0,0,0,0,4
238,223,33,0.0,5.38,0,0,1,0,0,0,1
238,223,33,0.78,4.98,0,0,0,1,0,1,2
238,223,33,0.11,5.45,0,0,0,0,1,0,3
238,223,33,0.11,4.98,0,0,0,0,0,0,4
239,223,36,0.0,6.55,0,0,1,0,0,0,1
239,223,36,0.78,4.98,0,0,0,1,0,1,2
239,223,36,0.11,5.45,0,0,0,0,1,0,3
239,223,36,0.11,3.88,1,0,0,0,0,0,4
240,223,39,0.0,6.55,0,0,1,0,0,0,1
240,223,39,0.78,4.67,0,0,0,1,0,1,2
240,223,39,0.11,4.67,1,0,0,0,1,0,3
240,223,39,0.11,4.67,0,0,0,0,0,0,4
241,223,41,0.0,6.55,0,0,1,0,0,0,1
241,223,41,0.78,3.81,1,1,0,1,0,1,2
241,223,41,0.11,5.45,0,0,0,0,1,0,3
241,223,41,0.11,4.67,0,0,0,0,0,0,4
242,223,50,0.0,7.02,0,0,1,0,0,0,1
242,223,50,0.78,4.67,0,0,0,1,0,1,2
242,223,50,0.11,7.02,0,0,0,0,1,0,3
242,223,50,0.11,5.45,0,0,0,0,0,0,4
243,232,11,0.0,5.38,0,0,1,0,0,0,1
243,232,11,0.67,6.55,0,0,0,1,0,0,2
243,232,11,0.33,5.38,0,0,0,0,1,0,3
243,232,11,0.0,6.55,0,0,0,0,0,1,4
244,232,13,0.0,5.38,0,0,1,0,0,0,1
244,232,13,0.67,6.55,0,0,0,1,0,1,2
244,232,13,0.33,6.45,0,0,0,0,1,0,3
244,232,13,0.0,6.55,0,0,0,0,0,0,4
245,232,15,0.0,5.38,0,0,1,0,0,0,1
245,232,15,0.67,4.98,0,0,0,1,0,1,2
245,232,15,0.33,6.45,0,0,0,0,1,0,3
245,232,15,0.0,6.55,0,0,0,0,0,0,4
246,232,35,0.0,5.38,0,0,1,0,0,0,1
246,232,35,0.67,4.98,0,0,0,1,0,0,2
246,232,35,0.33,5.45,0,0,0,0,1,0,3
246,232,35,0.0,4.67,0,0,0,0,0,1,4
247,232,36,0.0,6.55,0,0,1,0,0,0,1
247,232,36,0.67,4.98,0,0,0,1,0,0,2
247,232,36,0.33,5.45,0,0,0,0,1,1,3
247,232,36,0.0,3.88,1,0,0,0,0,0,4
248,232,37,0.0,6.55,0,0,1,0,0,0,1
248,232,37,0.67,4.98,0,0,0,1,0,0,2
248,232,37,0.33,4.67,1,0,0,0,1,1,3
248,232,37,0.0,3.88,0,0,0,0,0,0,4
249,232,37,0.0,6.55,0,0,1,0,0,0,1
249,232,37,0.67,4.98,0,0,0,1,0,0,2
249,232,37,0.33,4.67,1,0,0,0,1,0,3
249,232,37,0.0,3.88,0,0,0,0,0,1,4
250,232,48,0.0,7.02,0,0,1,0,0,0,1
250,232,48,0.67,3.88,0,0,0,1,0,1,2
250,232,48,0.33,7.02,0,0,0,0,1,0,3
250,232,48,0.0,5.45,0,0,0,0,0,0,4
251,234,1,0.05,5.08,1,1,1,0,0,1,1
251,234,1,0.05,4.33,0,0,0,1,0,0,2
251,234,1,0.46,6.55,0,0,0,0,1,0,3
251,234,1,0.41,4.98,0,0,0,0,0,0,4
252,234,1,0.05,5.08,0,1,1,0,0,1,1
252,234,1,0.05,4.22,1,1,0,1,0,0,2
252,234,1,0.46,6.45,0,0,0,0,1,0,3
252,234,1,0.41,4.89,0,0,0,0,0,0,4
253,234,14,0.05,5.36,0,0,1,0,0,0,1
253,234,14,0.05,4.89,0,0,0,1,0,0,2
253,234,14,0.46,6.45,0,0,0,0,1,1,3
253,234,14,0.41,6.45,0,0,0,0,0,0,4
254,234,29,0.05,6.45,0,0,1,0,0,0,1
254,234,29,0.05,4.67,0,0,0,1,0,0,2
254,234,29,0.46,6.45,0,0,0,0,1,0,3
254,234,29,0.41,4.67,0,0,0,0,0,1,4
255,234,49,0.05,7.02,0,0,1,0,0,0,1
255,234,49,0.05,4.67,0,0,0,1,0,0,2
255,234,49,0.46,7.02,0,0,0,0,1,1,3
255,234,49,0.41,5.45,0,0,0,0,0,0,4
256,234,49,0.05,7.02,0,0,1,0,0,0,1
256,234,49,0.05,4.67,0,0,0,1,0,0,2
256,234,49,0.46,7.02,0,0,0,0,1,0,3
256,234,49,0.41,5.45,0,0,0,0,0,1,4
257,234,51,0.05,6.95,0,0,1,0,0,0,1
257,234,51,0.05,4.67,0,0,0,1,0,0,2
257,234,51,0.46,6.95,0,0,0,0,1,1,3
257,234,51,0.41,5.39,0,0,0,0,0,0,4
258,239,10,0.0,5.38,0,0,1,0,0,0,1
258,239,10,1.0,4.67,0,0,0,1,0,1,2
258,239,10,0.0,5.38,0,0,0,0,1,0,3
258,239,10,0.0,6.55,0,0,0,0,0,0,4
259,239,28,0.0,5.38,0,0,1,0,0,0,1
259,239,28,1.0,4.98,0,0,0,1,0,1,2
259,239,28,0.0,6.55,0,0,0,0,1,0,3
259,239,28,0.0,4.98,0,0,0,0,0,0,4
260,239,42,0.0,6.55,0,0,1,0,0,1,1
260,239,42,1.0,3.81,0,0,0,1,0,0,2
260,239,42,0.0,5.45,0,0,0,0,1,0,3
260,239,42,0.0,4.67,0,0,0,0,0,0,4
261,239,50,0.0,7.02,0,0,1,0,0,0,1
261,239,50,1.0,4.67,0,0,0,1,0,1,2
261,239,50,0.0,7.02,0,0,0,0,1,0,3
261,239,50,0.0,5.45,0,0,0,0,0,0,4
262,244,11,0.35,5.28,0,0,1,0,0,0,1
262,244,11,0.0,4.2,0,0,0,1,0,0,2
262,244,11,0.47,5.28,0,0,0,0,1,1,3
262,244,11,0.12,6.45,0,0,0,0,0,0,4
263,244,13,0.35,5.28,0,0,1,0,0,1,1
263,244,13,0.0,4.89,0,0,0,1,0,0,2
263,244,13,0.47,5.28,0,0,0,0,1,0,3
263,244,13,0.12,6.45,0,0,0,0,0,0,4
264,244,13,0.35,5.28,0,0,1,0,0,0,1
264,244,13,0.0,4.89,0,0,0,1,0,0,2
264,244,13,0.47,5.28,0,0,0,0,1,1,3
264,244,13,0.12,6.45,0,0,0,0,0,0,4
265,244,16,0.35,5.38,0,0,1,0,0,1,1
265,244,16,0.0,4.98,0,0,0,1,0,0,2
265,244,16,0.47,6.55,0,0,0,0,1,0,3
265,244,16,0.12,6.55,0,0,0,0,0,0,4
266,244,19,0.35,5.39,0,0,1,0,0,0,1
266,244,19,0.0,4.83,0,0,0,1,0,0,2
266,244,19,0.47,6.56,0,0,0,0,1,1,3
266,244,19,0.12,6.63,0,0,0,0,0,0,4
267,244,43,0.35,6.56,0,0,1,0,0,0,1
267,244,43,0.0,4.22,0,1,0,1,0,0,2
267,244,43,0.47,4.75,0,0,0,0,1,1,3
267,244,43,0.12,3.88,0,0,0,0,0,0,4
268,252,23,0.25,4.67,0,0,1,0,0,0,1
268,252,23,0.44,4.98,0,0,0,1,0,1,2
268,252,23,0.25,6.55,0,0,0,0,1,0,3
268,252,23,0.0,4.98,0,0,0,0,0,0,4
269,252,32,0.25,6.45,0,0,1,0,0,0,1
269,252,32,0.44,4.89,0,0,0,1,0,1,2
269,252,32,0.25,6.45,0,0,0,0,1,0,3
269,252,32,0.0,4.2,1,1,0,0,0,0,4
270,252,34,0.25,5.38,0,0,1,0,0,1,1
270,252,34,0.44,4.98,0,0,0,1,0,0,2
270,252,34,0.25,5.45,0,0,0,0,1,0,3
270,252,34,0.0,6.55,0,0,0,0,0,0,4
271,252,40,0.25,6.45,0,0,1,0,0,0,1
271,252,40,0.44,4.52,0,1,0,1,0,1,2
271,252,40,0.25,5.45,0,0,0,0,1,0,3
271,252,40,0.0,4.67,0,0,0,0,0,0,4
272,256,1,1.0,5.08,1,1,1,0,0,1,1
272,256,1,0.0,4.98,0,0,0,1,0,0,2
272,256,1,0.0,6.56,0,0,0,0,1,0,3
272,256,1,0.0,5.02,0,0,0,0,0,0,4
273,256,10,1.0,4.67,0,0,1,0,0,1,1
273,256,10,0.0,4.98,0,0,0,1,0,0,2
273,256,10,0.0,5.38,0,0,0,0,1,0,3
273,256,10,0.0,4.5,0,0,0,0,0,0,4
274,256,26,1.0,6.45,0,0,1,0,0,1,1
274,256,26,0.0,4.89,0,0,0,1,0,0,2
274,256,26,0.0,6.45,0,0,0,0,1,0,3
274,256,26,0.0,6.45,0,0,0,0,0,0,4
275,256,36,1.0,6.45,0,0,1,0,0,1,1
275,256,36,0.0,4.89,0,0,0,1,0,0,2
275,256,36,0.0,5.45,0,1,0,0,1,0,3
275,256,36,0.0,4.67,0,0,0,0,0,0,4
276,264,1,0.0,6.45,0,0,1,0,0,0,1
276,264,1,1.0,3.89,1,1,0,1,0,1,2
276,264,1,0.0,6.45,0,0,0,0,1,0,3
276,264,1,0.0,4.89,0,0,0,0,0,0,4
277,264,7,0.0,6.45,0,0,1,0,0,0,1
277,264,7,1.0,4.36,0,1,0,1,0,1,2
277,264,7,0.0,5.28,0,0,0,0,1,0,3
277,264,7,0.0,4.89,0,0,0,0,0,0,4
278,264,11,0.0,5.28,0,0,1,0,0,0,1
278,264,11,1.0,4.27,0,1,0,1,0,1,2
278,264,11,0.0,5.28,0,0,0,0,1,0,3
278,264,11,0.0,4.89,0,0,0,0,0,0,4
279,264,17,0.0,6.45,0,0,1,0,0,0,1
279,264,17,1.0,4.89,0,0,0,1,0,1,2
279,264,17,0.0,5.28,0,0,0,0,1,0,3
279,264,17,0.0,4.89,0,0,0,0,0,0,4
280,264,23,0.0,6.45,0,0,1,0,0,0,1
280,264,23,1.0,4.89,0,0,0,1,0,1,2
280,264,23,0.0,6.45,0,0,0,0,1,0,3
280,264,23,0.0,4.89,0,0,0,0,0,0,4
281,264,33,0.0,6.45,0,0,1,0,0,0,1
281,264,33,1.0,4.89,0,0,0,1,0,1,2
281,264,33,0.0,5.45,0,0,0,0,1,0,3
281,264,33,0.0,4.28,0,0,0,0,0,0,4
282,264,37,0.0,6.45,0,0,1,0,0,0,1
282,264,37,1.0,4.89,0,0,0,1,0,1,2
282,264,37,0.0,5.45,0,1,0,0,1,0,3
282,264,37,0.0,4.67,0,0,0,0,0,0,4
283,264,41,0.0,6.45,0,0,1,0,0,0,1
283,264,41,1.0,4.52,0,0,0,1,0,1,2
283,264,41,0.0,5.45,0,0,0,0,1,0,3
283,264,41,0.0,4.67,0,0,0,0,0,0,4
284,264,47,0.0,6.78,0,0,1,0,0,0,1
284,264,47,1.0,3.89,0,1,0,1,0,1,2
284,264,47,0.0,6.95,0,0,0,0,1,0,3
284,264,47,0.0,4.89,0,0,0,0,0,0,4
285,266,8,0.0,5.14,1,1,1,0,0,0,1
285,266,8,0.1,4.67,0,0,0,1,0,0,2
285,266,8,0.9,5.28,0,0,0,0,1,1,3
285,266,8,0.0,4.98,0,0,0,0,0,0,4
286,266,15,0.0,4.67,0,0,1,0,0,0,1
286,266,15,0.1,4.67,0,0,0,1,0,1,2
286,266,15,0.9,6.55,0,0,0,0,1,0,3
286,266,15,0.0,6.55,0,0,0,0,0,0,4
287,266,26,0.0,4.67,0,0,1,0,0,0,1
287,266,26,0.1,4.98,0,0,0,1,0,0,2
287,266,26,0.9,6.55,0,0,0,0,1,1,3
287,266,26,0.0,4.98,0,0,0,0,0,0,4
288,266,43,0.0,6.45,0,0,1,0,0,0,1
288,266,43,0.1,4.67,0,1,0,1,0,0,2
288,266,43,0.9,5.45,0,0,0,0,1,1,3
288,266,43,0.0,4.67,0,0,0,0,0,0,4
289,266,47,0.0,6.36,0,0,1,0,0,0,1
289,266,47,0.1,4.22,0,0,0,1,0,0,2
289,266,47,0.9,5.3,0,0,0,0,1,1,3
289,266,47,0.0,4.52,0,0,0,0,0,0,4
290,268,1,0.0,5.08,1,1,1,0,0,0,1
290,268,1,0.91,4.33,0,0,0,1,0,1,2
290,268,1,0.0,6.45,0,0,0,0,1,0,3
290,268,1,0.09,4.67,0,0,0,0,0,0,4
291,268,9,0.0,5.28,1,1,1,0,0,0,1
291,268,9,0.91,4.22,0,0,0,1,0,1,2
291,268,9,0.0,5.28,0,0,0,0,1,0,3
291,268,9,0.09,4.89,0,0,0,0,0,0,4
292,268,21,0.0,5.38,0,0,1,0,0,0,1
292,268,21,0.91,4.98,0,0,0,1,0,1,2
292,268,21,0.0,6.55,0,0,0,0,1,0,3
292,268,21,0.09,4.98,0,0,0,0,0,0,4
293,268,27,0.0,5.38,0,0,1,0,0,0,1
293,268,27,0.91,4.98,0,0,0,1,0,1,2
293,268,27,0.0,6.55,0,0,0,0,1,0,3
293,268,27,0.09,4.98,0,0,0,0,0,0,4
294,268,48,0.0,5.44,0,0,1,0,0,0,1
294,268,48,0.91,4.22,0,0,0,1,0,1,2
294,268,48,0.0,6.88,0,0,0,0,1,0,3
294,268,48,0.09,5.33,0,0,0,0,0,0,4
295,268,52,0.0,7.02,0,0,1,0,0,0,1
295,268,52,0.91,4.67,0,0,0,1,0,1,2
295,268,52,0.0,7.02,0,0,0,0,1,0,3
295,268,52,0.09,5.45,0,0,0,0,0,0,4
296,269,2,1.0,5.08,0,1,1,0,0,1,1
296,269,2,0.0,4.67,0,0,0,1,0,0,2
296,269,2,0.0,6.55,0,0,0,0,1,0,3
296,269,2,0.0,4.89,0,0,0,0,0,0,4
297,269,4,1.0,5.08,0,0,1,0,0,1,1
297,269,4,0.0,4.67,0,0,0,1,0,0,2
297,269,4,0.0,5.28,0,0,0,0,1,0,3
297,269,4,0.0,4.89,0,0,0,0,0,0,4
298,269,10,1.0,6.55,0,0,1,0,0,1,1
298,269,10,0.0,4.98,0,0,0,1,0,0,2
298,269,10,0.0,5.38,0,0,0,0,1,0,3
298,269,10,0.0,4.98,0,0,0,0,0,0,4
299,269,14,1.0,4.67,0,0,1,0,0,1,1
299,269,14,0.0,4.67,0,0,0,1,0,0,2
299,269,14,0.0,6.55,0,0,0,0,1,0,3
299,269,14,0.0,6.55,0,0,0,0,0,0,4
300,269,16,1.0,4.67,0,0,1,0,0,1,1
300,269,16,0.0,4.98,0,0,0,1,0,0,2
300,269,16,0.0,6.55,0,0,0,0,1,0,3
300,269,16,0.0,6.55,0,0,0,0,0,0,4
301,269,18,1.0,4.67,0,0,1,0,0,1,1
301,269,18,0.0,4.98,0,0,0,1,0,0,2
301,269,18,0.0,6.55,0,0,0,0,1,0,3
301,269,18,0.0,6.55,0,0,0,0,0,0,4
302,269,19,1.0,4.67,0,0,1,0,0,1,1
302,269,19,0.0,4.98,0,0,0,1,0,0,2
302,269,19,0.0,6.55,0,0,0,0,1,0,3
302,269,19,0.0,4.98,0,0,0,0,0,0,4
303,269,26,1.0,4.67,0,0,1,0,0,1,1
303,269,26,0.0,4.98,0,0,0,1,0,0,2
303,269,26,0.0,6.55,0,0,0,0,1,0,3
303,269,26,0.0,4.98,0,0,0,0,0,0,4
304,269,32,1.0,5.38,0,0,1,0,0,1,1
304,269,32,0.0,4.98,0,0,0,1,0,0,2
304,269,32,0.0,5.45,0,0,0,0,1,0,3
304,269,32,0.0,6.55,0,0,0,0,0,0,4
305,269,34,1.0,5.38,0,0,1,0,0,1,1
305,269,34,0.0,4.98,0,0,0,1,0,0,2
305,269,34,0.0,5.45,0,0,0,0,1,0,3
305,269,34,0.0,6.55,0,0,0,0,0,0,4
306,269,36,1.0,5.38,0,0,1,0,0,1,1
306,269,36,0.0,4.98,0,0,0,1,0,0,2
306,269,36,0.0,5.45,0,0,0,0,1,0,3
306,269,36,0.0,3.88,1,1,0,0,0,0,4
307,269,46,1.0,5.28,0,0,1,0,0,1,1
307,269,46,0.0,4.22,0,0,0,1,0,0,2
307,269,46,0.0,6.45,0,0,0,0,1,0,3
307,269,46,0.0,4.22,0,0,0,0,0,0,4
308,269,48,1.0,5.44,0,0,1,0,0,1,1
308,269,48,0.0,4.22,0,0,0,1,0,0,2
308,269,48,0.0,6.88,0,0,0,0,1,0,3
308,269,48,0.0,5.33,0,0,0,0,0,0,4
309,269,52,1.0,6.94,0,0,1,0,0,1,1
309,269,52,0.0,4.22,0,0,0,1,0,0,2
309,269,52,0.0,6.94,0,0,0,0,1,0,3
309,269,52,0.0,5.33,0,0,0,0,0,0,4
310,271,2,0.37,6.45,0,0,1,0,0,0,1
310,271,2,0.19,3.89,0,1,0,1,0,1,2
310,271,2,0.37,6.45,0,0,0,0,1,0,3
310,271,2,0.0,4.89,0,0,0,0,0,0,4
311,271,14,0.37,5.38,0,0,1,0,0,1,1
311,271,14,0.19,6.55,0,0,0,1,0,0,2
311,271,14,0.37,6.45,0,0,0,0,1,0,3
311,271,14,0.0,6.55,0,0,0,0,0,0,4
312,271,14,0.37,5.38,0,0,1,0,0,1,1
312,271,14,0.19,6.55,0,0,0,1,0,0,2
312,271,14,0.37,6.45,0,0,0,0,1,0,3
312,271,14,0.0,6.55,0,0,0,0,0,0,4
313,271,33,0.37,5.28,0,0,1,0,0,0,1
313,271,33,0.19,4.89,0,0,0,1,0,0,2
313,271,33,0.37,4.92,0,1,0,0,1,1,3
313,271,33,0.0,4.89,0,0,0,0,0,0,4
314,271,35,0.37,6.45,0,0,1,0,0,0,1
314,271,35,0.19,4.89,0,0,0,1,0,0,2
314,271,35,0.37,5.45,0,1,0,0,1,1,3
314,271,35,0.0,4.67,0,0,0,0,0,0,4
315,271,37,0.37,6.55,0,0,1,0,0,0,1
315,271,37,0.19,6.55,0,0,0,1,0,0,2
315,271,37,0.37,4.67,1,1,0,0,1,1,3
315,271,37,0.0,3.88,0,0,0,0,0,0,4
316,271,50,0.37,6.95,0,0,1,0,0,0,1
316,271,50,0.19,3.89,0,0,0,1,0,1,2
316,271,50,0.37,6.95,0,0,0,0,1,0,3
316,271,50,0.0,5.27,0,0,0,0,0,0,4
317,273,4,0.6,4.67,0,1,1,0,0,1,1
317,273,4,0.4,4.67,0,0,0,1,0,0,2
317,273,4,0.0,5.28,0,0,0,0,1,0,3
317,273,4,0.0,4.98,0,0,0,0,0,0,4
318,273,4,0.6,4.67,0,1,1,0,0,1,1
318,273,4,0.4,4.67,0,0,0,1,0,0,2
318,273,4,0.0,5.28,0,0,0,0,1,0,3
318,273,4,0.0,4.98,0,0,0,0,0,0,4
319,273,14,0.6,5.36,0,0,1,0,0,0,1
319,273,14,0.4,4.89,0,0,0,1,0,1,2
319,273,14,0.0,6.45,0,0,0,0,1,0,3
319,273,14,0.0,6.45,0,0,0,0,0,0,4
320,273,24,0.6,6.45,0,0,1,0,0,0,1
320,273,24,0.4,4.89,0,0,0,1,0,1,2
320,273,24,0.0,6.45,0,0,0,0,1,0,3
320,273,24,0.0,4.89,0,0,0,0,0,0,4
321,273,33,0.6,6.45,0,0,1,0,0,0,1
321,273,33,0.4,4.89,0,0,0,1,0,1,2
321,273,33,0.0,5.45,0,0,0,0,1,0,3
321,273,33,0.0,4.2,0,0,0,0,0,0,4
322,273,35,0.6,6.45,0,0,1,0,0,1,1
322,273,35,0.4,4.89,0,0,0,1,0,0,2
322,273,35,0.0,5.45,0,1,0,0,1,0,3
322,273,35,0.0,4.67,0,0,0,0,0,0,4
323,273,39,0.6,6.45,0,0,1,0,0,0,1
323,273,39,0.4,4.52,1,1,0,1,0,1,2
323,273,39,0.0,5.45,0,0,0,0,1,0,3
323,273,39,0.0,4.67,0,0,0,0,0,0,4
324,275,6,0.0,4.67,0,0,1,0,0,0,1
324,275,6,1.0,4.67,0,0,0,1,0,1,2
324,275,6,0.0,5.28,0,0,0,0,1,0,3
324,275,6,0.0,4.94,1,0,0,0,0,0,4
325,275,10,0.0,6.55,0,0,1,0,0,0,1
325,275,10,1.0,4.98,0,0,0,1,0,1,2
325,275,10,0.0,5.38,0,0,0,0,1,0,3
325,275,10,0.0,4.98,0,0,0,0,0,0,4
326,275,17,0.0,4.67,0,0,1,0,0,0,1
326,275,17,1.0,4.98,0,0,0,1,0,1,2
326,275,17,0.0,6.55,0,0,0,0,1,0,3
326,275,17,0.0,4.98,0,0,0,0,0,0,4
327,275,32,0.0,5.38,0,0,1,0,0,0,1
327,275,32,1.0,4.98,0,0,0,1,0,1,2
327,275,32,0.0,5.45,0,0,0,0,1,0,3
327,275,32,0.0,6.55,0,0,0,0,0,0,4
328,275,37,0.0,6.55,0,0,1,0,0,0,1
328,275,37,1.0,6.55,0,0,0,1,0,1,2
328,275,37,0.0,4.67,1,1,0,0,1,0,3
328,275,37,0.0,3.88,0,0,0,0,0,0,4
329,275,42,0.0,6.55,0,0,1,0,0,0,1
329,275,42,1.0,3.81,0,0,0,1,0,1,2
329,275,42,0.0,5.45,0,0,0,0,1,0,3
329,275,42,0.0,6.55,0,0,0,0,0,0,4
330,275,44,0.0,6.55,0,0,1,0,0,0,1
330,275,44,1.0,4.67,0,0,0,1,0,1,2
330,275,44,0.0,5.45,0,0,0,0,1,0,3
330,275,44,0.0,6.55,0,0,0,0,0,0,4
331,278,1,0.0,6.45,0,0,1,0,0,0,1
331,278,1,1.0,3.89,1,1,0,1,0,1,2
331,278,1,0.0,6.45,0,0,0,0,1,0,3
331,278,1,0.0,4.89,0,0,0,0,0,0,4
332,278,1,0.0,6.45,0,0,1,0,0,0,1
332,278,1,1.0,3.89,1,1,0,1,0,1,2
332,278,1,0.0,6.45,0,0,0,0,1,0,3
332,278,1,0.0,4.89,0,0,0,0,0,0,4
333,278,2,0.0,6.45,0,0,1,0,0,0,1
333,278,2,1.0,3.89,0,1,0,1,0,1,2
333,278,2,0.0,6.45,0,0,0,0,1,0,3
333,278,2,0.0,4.89,0,0,0,0,0,0,4
334,278,5,0.0,6.45,0,0,1,0,0,0,1
334,278,5,1.0,4.36,0,1,0,1,0,1,2
334,278,5,0.0,6.45,0,0,0,0,1,0,3
334,278,5,0.0,4.89,0,0,0,0,0,0,4
335,278,23,0.0,6.45,0,0,1,0,0,0,1
335,278,23,1.0,4.89,0,0,0,1,0,1,2
335,278,23,0.0,6.45,0,0,0,0,1,0,3
335,278,23,0.0,4.67,0,0,0,0,0,0,4
336,278,28,0.0,6.45,0,0,1,0,0,0,1
336,278,28,1.0,4.67,1,1,0,1,0,1,2
336,278,28,0.0,6.45,0,0,0,0,1,0,3
336,278,28,0.0,6.45,0,0,0,0,0,0,4
337,278,41,0.0,6.45,0,0,1,0,0,0,1
337,278,41,1.0,4.67,0,0,0,1,0,1,2
337,278,41,0.0,5.45,0,0,0,0,1,0,3
337,278,41,0.0,4.67,0,0,0,0,0,0,4
338,278,49,0.0,6.95,0,0,1,0,0,0,1
338,278,49,1.0,3.89,0,0,0,1,0,1,2
338,278,49,0.0,6.95,0,0,0,0,1,0,3
338,278,49,0.0,5.39,0,0,0,0,0,0,4
339,285,5,0.0,4.67,0,1,1,0,0,1,1
339,285,5,0.0,4.33,0,0,0,1,0,0,2
339,285,5,0.0,5.28,0,0,0,0,1,0,3
339,285,5,1.0,4.67,1,0,0,0,0,0,4
340,285,6,0.0,4.67,0,0,1,0,0,0,1
340,285,6,0.0,4.67,0,0,0,1,0,0,2
340,285,6,0.0,5.28,0,0,0,0,1,0,3
340,285,6,1.0,4.94,1,0,0,0,0,1,4
341,285,10,0.0,4.67,0,0,1,0,0,0,1
341,285,10,0.0,4.98,0,0,0,1,0,0,2
341,285,10,0.0,5.38,0,0,0,0,1,0,3
341,285,10,1.0,4.5,0,0,0,0,0,1,4
342,285,45,0.0,6.55,0,0,1,0,0,0,1
342,285,45,0.0,4.67,0,0,0,1,0,1,2
342,285,45,0.0,6.55,0,0,0,0,1,0,3
342,285,45,1.0,4.67,0,0,0,0,0,0,4
343,285,47,0.0,7.02,0,0,1,0,0,0,1
343,285,47,0.0,3.88,1,0,0,1,0,1,2
343,285,47,0.0,7.02,0,0,0,0,1,0,3
343,285,47,1.0,5.45,0,0,0,0,0,0,4
344,285,49,0.0,7.02,0,0,1,0,0,0,1
344,285,49,0.0,4.67,0,0,0,1,0,1,2
344,285,49,0.0,7.02,0,0,0,0,1,0,3
344,285,49,1.0,5.45,0,0,0,0,0,0,4
345,289,5,0.0,5.28,0,0,1,0,0,0,1
345,289,5,0.43,4.22,0,0,0,1,0,0,2
345,289,5,0.14,6.45,0,0,0,0,1,0,3
345,289,5,0.43,4.89,0,0,0,0,0,1,4
346,289,14,0.0,5.28,1,1,1,0,0,0,1
346,289,14,0.43,4.22,0,0,0,1,0,0,2
346,289,14,0.14,5.28,0,0,0,0,1,0,3
346,289,14,0.43,4.89,0,0,0,0,0,1,4
347,289,32,0.0,5.28,0,0,1,0,0,0,1
347,289,32,0.43,4.89,0,0,0,1,0,0,2
347,289,32,0.14,4.92,0,0,0,0,1,0,3
347,289,32,0.43,4.22,0,0,0,0,0,1,4
348,289,37,0.0,5.28,0,0,1,0,0,0,1
348,289,37,0.43,4.89,0,0,0,1,0,0,2
348,289,37,0.14,4.92,0,0,0,0,1,0,3
348,289,37,0.43,4.22,0,1,0,0,0,1,4
